timestamp,open,high,low,close,volume
2018-06-08 06:00:00,273.0500,273.2500,272.8500,273.0000,182365
2018-06-08 05:55:00,272.8000,273.7000,272.7000,273.0500,476642
2018-06-08 05:50:00,272.8500,273.1500,272.6500,272.8000,469380
2018-06-08 05:45:00,272.9000,273.0000,272.6500,272.9000,226593
2018-06-08 05:40:00,273.1000,273.2500,272.6000,272.9500,227445
2018-06-08 05:35:00,272.7500,273.2500,272.6500,273.1000,265082
2018-06-08 05:30:00,272.6500,272.8500,272.3000,272.7500,209038
2018-06-08 05:25:00,272.9500,272.9500,272.5000,272.6000,162064
2018-06-08 05:20:00,273.2000,273.4000,272.6500,272.9000,268923
2018-06-08 05:15:00,271.6500,273.7000,271.5000,273.2500,1142803
2018-06-08 05:10:00,271.7000,271.8000,271.4500,271.5500,96081
2018-06-08 05:05:00,271.5500,271.9000,271.5000,271.7000,91689
2018-06-08 05:00:00,271.4000,271.9500,271.2500,271.6000,91813
2018-06-08 04:55:00,272.1000,272.1000,271.1000,271.3000,196608
2018-06-08 04:50:00,271.7500,272.6500,271.6500,272.0500,376735
2018-06-08 04:45:00,271.1000,272.5000,271.0500,271.6000,589115
2018-06-08 04:40:00,270.8000,271.3500,270.6000,271.1000,400378
2018-06-08 04:35:00,270.2000,270.7500,269.9000,270.7500,219162
2018-06-08 04:30:00,269.9000,270.2500,269.7500,270.2000,108939
2018-06-08 04:25:00,269.8000,269.9500,269.6000,269.8000,55022
2018-06-08 04:20:00,269.7000,269.8000,269.5000,269.8000,55047
2018-06-08 04:15:00,269.8000,270.1500,269.6000,269.7000,106422
2018-06-08 04:10:00,270.4000,270.4000,269.4500,269.8000,121483
2018-06-08 04:05:00,269.4000,270.4500,269.3500,270.3500,448577
2018-06-08 04:00:00,269.0500,269.4000,268.9000,269.4000,144940
2018-06-08 03:55:00,269.0500,269.4500,269.0000,269.1000,73005
2018-06-08 03:50:00,269.1500,269.2000,268.9000,269.1000,45933
2018-06-08 03:45:00,268.8500,269.2000,268.8000,269.1000,90670
2018-06-08 03:40:00,268.8500,269.0000,268.5000,268.7500,71114
2018-06-08 03:35:00,268.8000,269.1500,268.8000,268.8500,43315
2018-06-08 03:30:00,269.1500,269.5000,268.7000,268.8500,108701
2018-06-08 03:25:00,269.0000,269.2000,268.9500,269.2000,72220
2018-06-08 03:20:00,268.6500,269.1000,268.6000,269.0000,55742
2018-06-08 03:15:00,268.7000,268.9000,268.4500,268.7000,104263
2018-06-08 03:10:00,268.8500,269.0000,268.5500,268.6000,51265
2018-06-08 03:05:00,268.9500,268.9500,268.6000,268.7500,96995
2018-06-08 03:00:00,269.2000,269.3000,269.0000,269.0000,22826
2018-06-08 02:55:00,268.9500,269.4500,268.8500,269.2000,81117
2018-06-08 02:50:00,269.2000,269.2500,268.5500,269.0000,148748
2018-06-08 02:45:00,269.3500,269.4000,269.1500,269.3000,51685
2018-06-08 02:40:00,269.5000,269.5500,269.2500,269.3500,50772
2018-06-08 02:35:00,269.2500,269.6500,269.1500,269.6000,72715
2018-06-08 02:30:00,269.0500,269.3000,269.0000,269.2000,127982
2018-06-08 02:25:00,269.5000,269.6000,269.0500,269.0500,57536
2018-06-08 02:20:00,269.4000,269.6000,269.1000,269.4500,63389
2018-06-08 02:15:00,269.6500,269.7000,269.3000,269.4500,66541
2018-06-08 02:10:00,269.7000,269.8000,269.3500,269.6000,66861
2018-06-08 02:05:00,269.9000,270.0000,269.6000,269.6500,46092
2018-06-08 02:00:00,269.9500,270.1500,269.8000,269.8000,51624
2018-06-08 01:55:00,269.9000,270.1500,269.6000,269.8000,71176
2018-06-08 01:50:00,270.1000,270.2500,269.6000,269.9500,119667
2018-06-08 01:45:00,270.3500,270.4000,270.0000,270.1000,78947
2018-06-08 01:40:00,269.9000,270.4500,269.6500,270.3000,180714
2018-06-08 01:35:00,269.6500,270.0000,269.2500,269.9000,182854
2018-06-08 01:30:00,269.2500,269.8000,268.8500,269.6000,157146
2018-06-08 01:25:00,269.3000,269.7000,269.0500,269.1500,98289
2018-06-08 01:20:00,269.6000,269.6500,269.2000,269.3000,98019
2018-06-08 01:15:00,269.8000,270.0000,269.5000,269.7000,90174
2018-06-08 01:10:00,269.8500,270.0000,269.5000,269.8000,116951
2018-06-08 01:05:00,269.6000,270.3500,269.2000,269.8000,281197
2018-06-08 01:00:00,270.0500,270.2500,269.3000,269.6000,263874
2018-06-08 00:55:00,270.4500,270.8500,270.1500,270.2000,218606
2018-06-08 00:50:00,270.1000,270.9000,270.0000,270.4500,442112
2018-06-08 00:45:00,268.8000,270.3000,268.7500,270.1000,439274
2018-06-08 00:40:00,268.9500,269.0000,268.7000,268.7500,97397
2018-06-08 00:35:00,269.0000,269.0000,268.2000,269.0000,122430
2018-06-08 00:30:00,269.2500,269.4000,268.6500,268.9500,182954
2018-06-08 00:25:00,268.3500,269.4500,268.0000,269.1500,484017
2018-06-08 00:20:00,267.8500,268.4500,267.6000,268.4000,136696
2018-06-08 00:15:00,267.7500,268.2000,267.6000,268.0000,153636
2018-06-08 00:10:00,267.4000,267.7500,267.1500,267.6500,195650
2018-06-08 00:05:00,268.3000,268.4500,267.0500,267.3500,359561
2018-06-08 00:00:00,267.9000,268.7500,267.6000,268.4500,214188
2018-06-07 23:55:00,267.9500,268.3500,267.2500,267.7500,326148
2018-06-07 23:50:00,268.5000,268.7500,267.4500,268.0500,488582
2018-06-07 06:00:00,269.6500,269.8500,269.5000,269.5500,183508
2018-06-07 05:55:00,269.5000,270.1500,269.4500,269.5500,454639
2018-06-07 05:50:00,269.9500,269.9500,268.7000,269.5000,1001680
2018-06-07 05:45:00,269.8000,270.2500,269.7500,269.8500,410191
2018-06-07 05:40:00,269.6000,269.9500,268.7000,269.8000,1239684
2018-06-07 05:35:00,271.5000,271.6000,269.6500,269.6500,702107
2018-06-07 05:30:00,271.5500,271.7500,271.1000,271.5500,208859
2018-06-07 05:25:00,271.8000,272.0000,271.3000,271.7000,279084
2018-06-07 05:20:00,272.0500,272.1000,271.5000,271.7000,225603
2018-06-07 05:15:00,271.3500,272.1500,271.3000,272.0500,287885
2018-06-07 05:10:00,270.8500,271.3500,270.8500,271.3000,148536
2018-06-07 05:05:00,271.8000,271.8500,270.8000,270.8500,265341
2018-06-07 05:00:00,272.0000,272.2500,271.7000,271.7000,168420
2018-06-07 04:55:00,271.9000,272.2000,271.6500,272.0000,168915
2018-06-07 04:50:00,272.2500,272.6000,271.9000,271.9500,260143
2018-06-07 04:45:00,272.3000,272.4000,271.9000,272.3000,235653
2018-06-07 04:40:00,271.5000,272.5000,271.4500,272.4000,538359
2018-06-07 04:35:00,271.2500,271.6500,271.1500,271.5000,168448
2018-06-07 04:30:00,271.0000,271.2000,270.8000,271.2000,92267
2018-06-07 04:25:00,271.1000,271.2000,270.8500,271.0500,73822
2018-06-07 04:20:00,271.0500,271.3000,270.8000,271.0500,164814
2018-06-07 04:15:00,271.5500,271.6000,271.0500,271.0500,166324
2018-06-07 04:10:00,270.9500,271.7500,270.7000,271.5000,195059
2018-06-07 04:05:00,271.1500,271.2500,270.4000,271.0500,328658
2018-06-07 04:00:00,271.6000,271.8000,271.1000,271.1500,135890
2018-06-07 03:55:00,271.6500,272.0000,271.1500,271.6000,277630
2018-06-07 03:50:00,271.4500,271.6500,271.2500,271.6000,112754
2018-06-07 03:45:00,271.4000,271.6500,271.2000,271.4500,88548
2018-06-07 03:40:00,271.5000,271.5000,271.2500,271.4000,57146
2018-06-07 03:35:00,271.2500,271.6500,271.2500,271.4500,89030
2018-06-07 03:30:00,271.8000,271.8000,271.2000,271.4500,100873
2018-06-07 03:25:00,271.3000,271.8000,271.0500,271.7000,127914
2018-06-07 03:20:00,271.1000,271.4500,270.8000,271.3000,93768
2018-06-07 03:15:00,270.6500,271.1500,270.6500,271.1500,54781
2018-06-07 03:10:00,270.9000,271.0500,270.6500,270.7500,84668
2018-06-07 03:05:00,271.3000,271.3000,270.9000,270.9000,105916
2018-06-07 03:00:00,271.1000,271.5000,271.0000,271.3000,109618
2018-06-07 02:55:00,270.6500,271.2000,270.5500,271.2000,103155
2018-06-07 02:50:00,270.8500,271.2000,270.5500,270.6000,104390
2018-06-07 02:45:00,270.9000,270.9000,270.5500,270.8500,64884
2018-06-07 02:40:00,270.6500,270.9000,270.3500,270.9000,71474
2018-06-07 02:35:00,270.8500,270.9000,270.5000,270.6500,69481
2018-06-07 02:30:00,270.6500,270.9000,270.5000,270.8500,81319
2018-06-07 02:25:00,270.3500,270.8000,270.3000,270.7000,91554
2018-06-07 02:20:00,270.0000,270.4500,269.9000,270.3500,85980
2018-06-07 02:15:00,271.1500,271.3000,269.8500,270.0000,222499
2018-06-07 02:10:00,270.6000,271.2000,270.3500,271.2000,113110
2018-06-07 02:05:00,270.9000,270.9500,270.1000,270.5500,159531
2018-06-07 02:00:00,270.8500,271.0000,270.6500,270.9000,84139
2018-06-07 01:55:00,271.3000,271.4000,270.6000,271.0000,129942
2018-06-07 01:50:00,271.6500,271.7000,270.8500,271.3000,195446
2018-06-07 01:45:00,271.6500,271.8000,271.5000,271.6500,95197
2018-06-07 01:40:00,271.7500,272.0000,271.6000,271.6000,77595
2018-06-07 01:35:00,271.7500,272.5000,271.3500,271.7000,305969
2018-06-07 01:30:00,272.0000,272.2000,271.6500,271.8000,227745
2018-06-07 01:25:00,272.5500,272.9000,271.9000,271.9000,492219
2018-06-07 01:20:00,272.4500,272.6500,271.8000,272.5000,565038
2018-06-07 01:15:00,270.9000,272.4500,270.9000,272.4500,647504
2018-06-07 01:10:00,270.1500,271.0000,270.0000,270.9000,271836
2018-06-07 01:05:00,270.0000,270.1500,269.7500,270.0500,117744
2018-06-07 01:00:00,270.0500,270.2000,269.7000,270.0000,159438
2018-06-07 00:55:00,270.0000,270.6500,269.9000,270.1000,255362
2018-06-07 00:50:00,269.5000,270.0500,269.3500,270.0000,177052
2018-06-07 00:45:00,269.7000,269.8000,269.3500,269.5000,99283
2018-06-07 00:40:00,269.3500,270.2000,269.3500,269.7000,248642
2018-06-07 00:35:00,269.2000,269.6000,269.0500,269.4500,134146
2018-06-07 00:30:00,269.0000,269.3000,268.7500,269.0500,244819
2018-06-07 00:25:00,269.6000,269.7000,268.7500,269.0000,332302
2018-06-07 00:20:00,269.3000,270.0000,269.2000,269.5000,294178
2018-06-07 00:15:00,270.1000,270.5000,269.1500,269.2500,456805
2018-06-07 00:10:00,271.5000,271.5500,270.0500,270.1000,560613
2018-06-07 00:05:00,271.4500,271.8000,271.3000,271.4500,289910
2018-06-07 00:00:00,271.5500,271.9000,271.2500,271.4000,324772
2018-06-06 23:55:00,271.4000,271.7500,271.1500,271.6000,460034
2018-06-06 23:50:00,271.1500,272.3500,271.1500,271.4000,909165
2018-06-06 06:00:00,270.5000,270.7500,270.0500,270.2500,320495
2018-06-06 05:55:00,270.7000,271.3500,270.3000,270.4500,850487
2018-06-06 05:50:00,270.1500,270.8000,270.0000,270.7000,576705
2018-06-06 05:45:00,269.1000,270.4000,269.0000,270.1000,372948
2018-06-06 05:40:00,269.5000,269.6500,268.3000,269.1500,301883
2018-06-06 05:35:00,269.3500,270.2000,269.2000,269.4500,667814
2018-06-06 05:30:00,268.5500,269.4000,268.3500,269.4000,310687
2018-06-06 05:25:00,268.0000,268.5000,267.4500,268.5000,329016
2018-06-06 05:20:00,267.0500,269.5000,266.9000,267.9000,721004
2018-06-06 05:15:00,266.6000,267.3000,266.5000,267.1000,525036
2018-06-06 05:10:00,267.0000,267.3000,265.6000,266.6500,1074668
2018-06-06 05:05:00,267.9500,269.1500,266.7000,267.0000,1298268
2018-06-06 05:00:00,267.4000,268.1000,267.0000,268.1000,268699
2018-06-06 04:55:00,267.3500,267.6000,267.1000,267.5000,73957
2018-06-06 04:50:00,267.5000,267.6000,267.0500,267.4500,65474
2018-06-06 04:45:00,267.6500,267.7500,267.3500,267.5000,62061
2018-06-06 04:40:00,267.9500,267.9500,267.4500,267.6000,51068
2018-06-06 04:35:00,267.8000,268.0000,267.5500,267.9500,93623
2018-06-06 04:30:00,267.6500,267.9000,267.5000,267.8000,64164
2018-06-06 04:25:00,267.4000,267.8500,267.3500,267.6500,63553
2018-06-06 04:20:00,267.3000,267.6000,267.2500,267.3500,50468
2018-06-06 04:15:00,267.0000,267.4000,267.0000,267.3000,100424
2018-06-06 04:10:00,267.5500,267.6500,267.0000,267.0000,128902
2018-06-06 04:05:00,267.5000,267.7000,267.2000,267.6000,71194
2018-06-06 04:00:00,267.8500,268.2000,267.5000,267.5000,148780
2018-06-06 03:55:00,267.5000,267.8500,267.3000,267.8000,145648
2018-06-06 03:50:00,267.1500,267.5500,267.1500,267.5500,99056
2018-06-06 03:45:00,267.1500,267.2500,267.0000,267.1000,87475
2018-06-06 03:40:00,267.4000,267.7500,267.1000,267.1500,129600
2018-06-06 03:35:00,267.4000,267.5000,266.8500,267.4500,305117
2018-06-06 03:30:00,268.0500,268.0500,267.3000,267.4000,228255
2018-06-06 03:25:00,267.9000,268.4000,267.7000,268.0000,226917
2018-06-06 03:20:00,268.3000,268.6500,267.8000,268.0000,234894
2018-06-06 03:15:00,268.9000,268.9500,268.2500,268.2500,272326
2018-06-06 03:10:00,268.9500,269.1500,268.8500,268.9500,117562
2018-06-06 03:05:00,268.8500,269.1000,268.7000,269.0000,126518
2018-06-06 03:00:00,269.0500,269.1000,268.7500,268.8500,187249
2018-06-06 02:55:00,268.7000,269.3000,268.6000,269.0000,323143
2018-06-06 02:50:00,268.3500,269.0000,268.3000,268.7000,383002
2018-06-06 02:45:00,268.6000,268.6000,268.2000,268.3500,185534
2018-06-06 02:40:00,268.5000,268.6000,268.2000,268.5500,175081
2018-06-06 02:35:00,267.8000,268.6500,267.8000,268.5000,343466
2018-06-06 02:30:00,267.4000,268.0000,267.3500,267.8000,211509
2018-06-06 02:25:00,267.6000,267.8000,267.2500,267.4500,124293
2018-06-06 02:20:00,267.4500,267.6500,267.3000,267.6500,120709
2018-06-06 02:15:00,267.5500,267.8000,267.3000,267.4000,112235
2018-06-06 02:10:00,267.3500,267.8000,267.0000,267.5500,134856
2018-06-06 02:05:00,267.0000,267.5000,266.9500,267.1000,257052
2018-06-06 02:00:00,266.9500,267.1000,266.7000,267.0500,102002
2018-06-06 01:55:00,266.7500,267.0000,266.5000,266.9500,143815
2018-06-06 01:50:00,267.0000,267.1500,266.6500,266.7500,139705
2018-06-06 01:45:00,267.0000,267.3000,266.6500,267.0000,285099
2018-06-06 01:40:00,266.7000,267.2500,266.6000,267.1500,220473
2018-06-06 01:35:00,266.6000,267.0500,266.5000,266.7000,314933
2018-06-06 01:30:00,266.5500,266.7000,266.2500,266.6000,195074
2018-06-06 01:25:00,265.6500,266.7000,265.5000,266.5000,257486
2018-06-06 01:20:00,265.6000,265.8000,265.5000,265.6500,86943
2018-06-06 01:15:00,266.0500,266.1000,265.4500,265.6500,151068
2018-06-06 01:10:00,265.7000,266.1000,265.5500,266.0500,160365
2018-06-06 01:05:00,266.1000,266.1000,265.5000,265.8000,133080
2018-06-06 01:00:00,265.9000,266.2000,265.4000,266.0500,345446
2018-06-06 00:55:00,265.1500,266.0000,265.0000,265.8500,349781
2018-06-06 00:50:00,264.8000,265.2500,264.8000,265.2000,321704
2018-06-06 00:45:00,264.5000,264.7500,264.1500,264.7500,183427
2018-06-06 00:40:00,264.0500,264.5000,263.9500,264.5000,211385
2018-06-06 00:35:00,263.0500,264.3000,263.0500,263.9500,282268
2018-06-06 00:30:00,263.3000,263.4000,262.8000,263.1000,85635
2018-06-06 00:25:00,263.2000,263.3500,263.0000,263.2500,79321
2018-06-06 00:20:00,262.8000,263.2500,262.7000,263.1500,102171
2018-06-06 00:15:00,262.8000,263.0000,262.7000,262.8000,80536
2018-06-06 00:10:00,263.1500,263.5000,262.7000,262.8000,117054
2018-06-06 00:05:00,263.2000,263.5000,263.0000,263.1500,218102
2018-06-06 00:00:00,263.0000,263.6500,263.0000,263.2000,104915
2018-06-05 23:55:00,263.1500,263.3000,262.7000,263.1000,140380
2018-06-05 23:50:00,263.0500,263.5000,262.3500,263.2000,364454
2018-06-05 06:00:00,263.0500,263.4000,263.0000,263.2500,129935
2018-06-05 05:55:00,263.6000,263.6500,263.0500,263.0500,332086
2018-06-05 05:50:00,263.5000,263.9000,263.4000,263.5000,353366
2018-06-05 05:45:00,263.7000,263.9000,263.4500,263.4500,228660
2018-06-05 05:40:00,263.6500,263.9500,263.5500,263.7500,126947
2018-06-05 05:35:00,264.0500,264.1000,263.5000,263.7000,149154
2018-06-05 05:30:00,263.7500,264.3500,263.3500,264.0000,183656
2018-06-05 05:25:00,263.6500,264.5000,263.4500,263.7500,298402
2018-06-05 05:20:00,263.1500,263.7000,263.0000,263.7000,146688
2018-06-05 05:15:00,262.5000,263.5000,262.4500,263.1500,212407
2018-06-05 05:10:00,262.6500,262.8500,262.3000,262.5500,119210
2018-06-05 05:05:00,262.6000,262.8000,262.4500,262.7000,135622
2018-06-05 05:00:00,262.8000,262.9500,262.4000,262.7000,229395
2018-06-05 04:55:00,262.7000,262.9500,262.5000,262.8000,145984
2018-06-05 04:50:00,263.0000,263.0500,262.6000,262.6500,131352
2018-06-05 04:45:00,263.1000,263.1500,262.5000,263.0500,146870
2018-06-05 04:40:00,262.4500,263.1500,262.4000,263.0500,121383
2018-06-05 04:35:00,262.8000,262.9500,262.3500,262.6000,190432
2018-06-05 04:30:00,262.8000,263.2500,262.6500,262.8000,154991
2018-06-05 04:25:00,263.1500,263.5000,262.5500,262.7500,222215
2018-06-05 04:20:00,263.8000,264.0500,263.1000,263.1500,205969
2018-06-05 04:15:00,264.0000,264.2000,263.7000,263.8000,99045
2018-06-05 04:10:00,264.1500,264.2500,263.8500,263.9500,87979
2018-06-05 04:05:00,264.2000,264.4000,264.1000,264.1000,76481
2018-06-05 04:00:00,264.0000,264.3500,263.8500,264.1500,99303
2018-06-05 03:55:00,263.7500,264.2500,263.7000,263.9500,94914
2018-06-05 03:50:00,263.8000,264.2000,263.7000,263.7000,78282
2018-06-05 03:45:00,264.0500,264.1500,263.6500,263.7500,100216
2018-06-05 03:40:00,264.2500,264.3000,263.9000,264.0500,112119
2018-06-05 03:35:00,264.0000,264.4000,263.9500,264.2500,74956
2018-06-05 03:30:00,264.0500,264.1500,263.9000,264.0000,70616
2018-06-05 03:25:00,264.4000,264.4500,263.8000,264.0000,108464
2018-06-05 03:20:00,263.8000,264.4000,263.5000,264.2500,129096
2018-06-05 03:15:00,264.6000,264.6000,263.7000,263.8000,117907
2018-06-05 03:10:00,263.8000,264.7000,263.7500,264.6000,226334
2018-06-05 03:05:00,264.1500,264.2500,263.6500,263.8000,77915
2018-06-05 03:00:00,264.2000,264.2500,263.8000,264.1000,114332
2018-06-05 02:55:00,264.2500,264.4000,264.1000,264.1500,65986
2018-06-05 02:50:00,264.1000,264.7000,264.0500,264.2500,166019
2018-06-05 02:45:00,263.8000,264.3000,263.7500,264.1000,84524
2018-06-05 02:40:00,264.1000,264.1000,263.6500,263.8500,125147
2018-06-05 02:35:00,264.5000,264.7500,264.0000,264.1000,190173
2018-06-05 02:30:00,264.5500,264.6000,264.1000,264.4500,248461
2018-06-05 02:25:00,264.4000,264.6000,263.8000,264.5500,248321
2018-06-05 02:20:00,263.3500,264.5000,263.2500,264.4000,290913
2018-06-05 02:15:00,263.1000,263.7000,263.0000,263.3000,127124
2018-06-05 02:10:00,263.0500,263.1000,262.8000,263.0500,99610
2018-06-05 02:05:00,262.8000,263.4500,262.6000,263.0000,176035
2018-06-05 02:00:00,262.7000,262.8000,262.2500,262.8000,233872
2018-06-05 01:55:00,263.5500,263.5500,262.2500,262.6500,417938
2018-06-05 01:50:00,263.3500,263.7500,263.2500,263.5500,92247
2018-06-05 01:45:00,263.4000,263.6000,263.1000,263.2000,101432
2018-06-05 01:40:00,263.7500,263.9500,263.3000,263.4000,136774
2018-06-05 01:35:00,263.1500,263.7500,263.0000,263.7500,174148
2018-06-05 01:30:00,263.7500,263.8000,263.0000,263.1500,347624
2018-06-05 01:25:00,264.2500,264.3500,263.5500,263.6500,259099
2018-06-05 01:20:00,265.0000,265.0000,264.2500,264.2500,176861
2018-06-05 01:15:00,264.5500,265.2000,264.5000,265.0500,159936
2018-06-05 01:10:00,264.3500,264.8000,264.2500,264.5500,239185
2018-06-05 01:05:00,263.7000,265.1500,263.7000,264.4000,568727
2018-06-05 01:00:00,263.6000,263.8500,263.4500,263.6500,84956
2018-06-05 00:55:00,263.8000,263.8500,263.3500,263.7500,125454
2018-06-05 00:50:00,263.9500,264.0000,263.4000,263.7500,137925
2018-06-05 00:45:00,263.3000,264.1000,263.2000,263.7000,223247
2018-06-05 00:40:00,263.0500,263.4000,262.7500,263.3000,98753
2018-06-05 00:35:00,262.9000,263.2000,262.5000,263.0500,211722
2018-06-05 00:30:00,263.2000,263.5000,262.8000,262.9000,131749
2018-06-05 00:25:00,263.4500,263.6000,263.0000,263.2500,153508
2018-06-05 00:20:00,264.2000,264.2500,263.3000,263.4500,213509
2018-06-05 00:15:00,263.6000,264.2500,263.2000,264.1000,284452
2018-06-05 00:10:00,263.2000,263.9000,263.2000,263.5500,197229
2018-06-05 00:05:00,263.1500,263.8500,262.9000,263.3000,397524
2018-06-05 00:00:00,262.7500,263.2500,262.2500,263.1000,362348
2018-06-04 23:55:00,263.0000,263.0500,262.5000,262.8000,449376
2018-06-04 23:50:00,261.4000,263.0000,261.0000,262.9500,642643
2018-06-04 06:00:00,263.4000,263.4000,262.9000,263.2000,236431
2018-06-04 05:55:00,263.2500,263.5500,263.0000,263.3500,543170
2018-06-04 05:50:00,262.9500,263.4000,262.7500,263.1500,563284
2018-06-04 05:45:00,262.8000,263.0000,262.7000,262.9500,376675
2018-06-04 05:40:00,262.5000,262.9500,262.4500,262.9000,232792
2018-06-04 05:35:00,262.9000,263.0000,262.4500,262.4500,177396
2018-06-04 05:30:00,262.7000,263.1000,262.7000,262.9000,174591
2018-06-04 05:25:00,262.6000,262.8500,262.3000,262.7000,111587
2018-06-04 05:20:00,262.4500,263.1500,262.2500,262.5500,188301
2018-06-04 05:15:00,262.5500,262.7500,262.3500,262.3500,80661
2018-06-04 05:10:00,262.0000,262.6000,261.8000,262.6000,150139
2018-06-04 05:05:00,262.9500,262.9500,262.0000,262.0000,123920
2018-06-04 05:00:00,262.2500,263.1000,262.1000,262.9000,191439
2018-06-04 04:55:00,261.6000,262.6000,261.5500,262.1000,212146
2018-06-04 04:50:00,261.9000,261.9000,261.3000,261.6000,166284
2018-06-04 04:45:00,261.7000,262.3500,261.6000,261.9500,159569
2018-06-04 04:40:00,262.7500,262.9500,261.5500,261.7500,335243
2018-06-04 04:35:00,263.0500,263.2500,262.7000,262.8000,77840
2018-06-04 04:30:00,262.8500,263.1500,262.8000,262.9500,86334
2018-06-04 04:25:00,263.1000,263.1500,262.6000,262.8500,159311
2018-06-04 04:20:00,263.3000,263.5000,262.8500,263.1000,85640
2018-06-04 04:15:00,263.2500,263.3500,262.9000,263.3500,61738
2018-06-04 04:10:00,263.0500,263.7000,263.0000,263.3000,95402
2018-06-04 04:05:00,263.0000,263.2500,262.8000,263.0000,105093
2018-06-04 04:00:00,263.6500,263.7500,262.7000,262.9000,169042
2018-06-04 03:55:00,263.2000,263.7000,263.1500,263.5500,140077
2018-06-04 03:50:00,263.3000,263.5000,263.0000,263.2500,229419
2018-06-04 03:45:00,263.7500,263.9000,263.1500,263.2500,281763
2018-06-04 03:40:00,264.1000,264.2000,263.6000,263.7500,264666
2018-06-04 03:35:00,264.4500,264.6000,264.0000,264.0500,315668
2018-06-04 03:30:00,264.8500,264.9500,264.3000,264.4500,280571
2018-06-04 03:25:00,264.7500,265.0000,264.7000,264.9000,43984
2018-06-04 03:20:00,264.8000,265.0000,264.6000,264.8000,77915
2018-06-04 03:15:00,265.2000,265.3000,264.8000,264.8000,53611
2018-06-04 03:10:00,265.2500,265.3500,264.9000,265.2500,82010
2018-06-04 03:05:00,265.3500,265.5000,265.0500,265.2000,78180
2018-06-04 03:00:00,265.3000,265.5000,265.0000,265.3500,116189
2018-06-04 02:55:00,264.8500,265.4500,264.8000,265.3500,117815
2018-06-04 02:50:00,264.8000,265.0000,264.7000,264.8500,50041
2018-06-04 02:45:00,264.8000,265.2000,264.7000,264.8500,69907
2018-06-04 02:40:00,264.9000,265.0000,264.6500,264.8000,72123
2018-06-04 02:35:00,264.7500,264.9500,264.6000,264.9000,77408
2018-06-04 02:30:00,265.1000,265.1000,264.6000,264.7500,48011
2018-06-04 02:25:00,264.6500,265.2000,264.4500,265.2000,87623
2018-06-04 02:20:00,265.0000,265.0500,264.4000,264.6500,133497
2018-06-04 02:15:00,264.8000,265.1000,264.8000,265.0000,53309
2018-06-04 02:10:00,264.9000,265.2000,264.8000,264.8500,57498
2018-06-04 02:05:00,265.0000,265.3000,264.8000,264.8500,102509
2018-06-04 02:00:00,265.7500,265.7500,265.0000,265.1000,76166
2018-06-04 01:55:00,265.3500,265.9000,265.2000,265.6000,71678
2018-06-04 01:50:00,265.2000,265.6000,265.0500,265.2500,112189
2018-06-04 01:45:00,264.7000,265.1500,264.7000,265.0500,64766
2018-06-04 01:40:00,264.9000,265.1000,264.7000,264.8500,74126
2018-06-04 01:35:00,264.8000,264.9000,264.5000,264.8500,64986
2018-06-04 01:30:00,264.6500,265.0000,264.6500,264.9000,63886
2018-06-04 01:25:00,264.7000,265.1500,264.6000,264.6500,100400
2018-06-04 01:20:00,265.0000,265.2500,264.3000,264.7000,235761
2018-06-04 01:15:00,264.8500,265.2500,264.8500,265.1000,239828
2018-06-04 01:10:00,265.7000,265.8000,264.8000,264.8000,289222
2018-06-04 01:05:00,266.2000,266.2000,265.7500,265.7500,98591
2018-06-04 01:00:00,266.3500,266.7500,266.1500,266.1500,150430
2018-06-04 00:55:00,265.7500,266.4000,265.7000,266.3500,111128
2018-06-04 00:50:00,265.8000,266.2000,265.5000,265.8000,128162
2018-06-04 00:45:00,265.9500,266.5000,265.6500,265.7500,134074
2018-06-04 00:40:00,266.2500,266.4500,265.9000,266.0000,196311
2018-06-04 00:35:00,266.3000,266.8000,266.1000,266.3000,285137
2018-06-04 00:30:00,266.2000,266.7000,265.7000,266.3500,238660
2018-06-04 00:25:00,265.9500,266.6500,265.6000,266.2000,201693
2018-06-04 00:20:00,266.4000,266.5000,265.1000,265.8500,320048
2018-06-04 00:15:00,266.1500,266.5500,265.8000,266.5000,214675
2018-06-04 00:10:00,266.2000,266.7000,266.0000,266.1500,191389
2018-06-04 00:05:00,266.6000,267.2500,266.1500,266.3000,465594
2018-06-04 00:00:00,265.9500,266.8000,265.7500,266.6500,227908
2018-06-03 23:55:00,265.5500,266.2000,265.2500,265.8500,244703
2018-06-03 23:50:00,268.2500,268.2500,265.1500,265.4500,613869
2018-06-03 23:45:00,268.3000,268.3000,268.3000,268.3000,275
2018-06-01 06:00:00,267.0000,267.1500,266.9000,267.0000,274046
2018-06-01 05:55:00,266.7500,267.2000,266.5500,267.0000,594276
2018-06-01 05:50:00,266.7000,266.8500,266.3000,266.7000,538723
2018-06-01 05:45:00,266.4000,266.8000,266.2000,266.7000,313560
2018-06-01 05:40:00,266.8000,266.9500,266.3000,266.4500,221572
2018-06-01 05:35:00,266.7500,267.1000,266.2500,266.8000,256355
2018-06-01 05:30:00,266.5000,267.2000,266.4500,266.8500,473995
2018-06-01 05:25:00,266.3500,266.6000,266.0000,266.5000,157431
2018-06-01 05:20:00,265.5500,266.8000,265.5500,266.4000,300763
2018-06-01 05:15:00,265.8000,265.9500,265.3000,265.7000,258090
2018-06-01 05:10:00,266.0500,266.0500,265.4000,265.8000,202008
2018-06-01 05:05:00,265.4000,266.1500,265.3500,266.0500,360601
2018-06-01 05:00:00,265.1000,265.7500,265.0000,265.5000,149157
2018-06-01 04:55:00,265.0500,265.3000,264.8000,265.0500,189572
2018-06-01 04:50:00,265.1000,265.5000,264.9000,265.1000,212143
2018-06-01 04:45:00,265.5500,265.9000,265.1000,265.1500,191190
2018-06-01 04:40:00,265.7000,265.9500,265.0000,265.6500,244558
2018-06-01 04:35:00,265.8500,266.0500,265.4500,265.7000,146311
2018-06-01 04:30:00,265.7000,266.0500,265.3000,265.8500,200245
2018-06-01 04:25:00,265.3500,266.0000,265.3000,265.8000,117847
2018-06-01 04:20:00,265.6500,265.9000,265.3000,265.3500,162532
2018-06-01 04:15:00,265.6500,265.9000,265.3000,265.6500,145616
2018-06-01 04:10:00,266.4000,266.8000,265.6500,265.7000,187048
2018-06-01 04:05:00,266.0500,266.6500,266.0000,266.4500,214640
2018-06-01 04:00:00,265.9500,266.2000,265.6000,266.0500,135521
2018-06-01 03:55:00,265.6000,266.1000,265.5500,266.0000,131555
2018-06-01 03:50:00,265.5000,266.2000,265.5000,265.7500,134112
2018-06-01 03:45:00,265.8500,266.2000,265.2500,265.7000,221288
2018-06-01 03:40:00,265.7500,265.9500,265.1500,265.9000,264233
2018-06-01 03:35:00,265.7500,265.8500,265.4000,265.7500,161765
2018-06-01 03:30:00,265.8500,266.0000,265.3500,265.7000,149416
2018-06-01 03:25:00,265.7500,266.1000,265.2500,265.9000,192628
2018-06-01 03:20:00,265.7000,266.1000,265.5500,265.7500,176429
2018-06-01 03:15:00,266.2000,266.2500,265.5500,265.7000,106963
2018-06-01 03:10:00,266.7000,266.7000,265.7500,266.2500,192400
2018-06-01 03:05:00,266.3500,266.9000,266.3500,266.7500,267245
2018-06-01 03:00:00,265.7500,266.5000,265.5500,266.3500,386163
2018-06-01 02:55:00,265.4500,265.7500,265.1500,265.7000,140231
2018-06-01 02:50:00,265.1000,265.7500,265.0000,265.4500,181955
2018-06-01 02:45:00,265.2500,265.7000,265.0500,265.1000,115843
2018-06-01 02:40:00,265.6000,266.0500,265.1500,265.3000,199255
2018-06-01 02:35:00,265.6000,266.1000,264.8000,265.7000,541412
2018-06-01 02:30:00,265.8500,265.8500,265.2000,265.5000,265553
2018-06-01 02:25:00,266.2000,266.4000,265.5500,265.8500,267475
2018-06-01 02:20:00,267.0000,267.0500,266.0500,266.2500,353673
2018-06-01 02:15:00,267.6500,267.9500,267.0000,267.0000,305265
2018-06-01 02:10:00,267.6500,267.7000,267.4500,267.6500,203038
2018-06-01 02:05:00,267.5000,267.7000,267.4000,267.6500,108486
2018-06-01 02:00:00,267.5500,267.6500,267.1500,267.6000,228990
2018-06-01 01:55:00,267.5500,267.8500,267.5000,267.5000,40402
2018-06-01 01:50:00,267.5000,267.7500,267.5000,267.5500,48956
2018-06-01 01:45:00,267.7000,267.7500,267.5000,267.5500,72092
2018-06-01 01:40:00,267.6000,267.9500,267.5500,267.7000,57781
2018-06-01 01:35:00,267.5500,267.8500,267.5000,267.6500,108191
2018-06-01 01:30:00,267.7000,267.7000,267.5000,267.5000,89534
2018-06-01 01:25:00,268.0500,268.0500,267.6500,267.6500,72139
2018-06-01 01:20:00,267.5000,268.3500,267.4500,268.0000,165155
2018-06-01 01:15:00,267.5500,267.7000,267.5000,267.5500,157716
2018-06-01 01:10:00,267.5500,267.9000,267.4000,267.6000,147336
2018-06-01 01:05:00,267.6500,267.7500,267.4000,267.6500,232568
2018-06-01 01:00:00,267.9000,268.0000,267.5000,267.7500,211060
2018-06-01 00:55:00,268.5000,268.5000,267.7000,267.9000,203858
2018-06-01 00:50:00,268.4500,268.8500,268.3000,268.5000,153741
2018-06-01 00:45:00,268.7000,268.7000,268.1500,268.5000,166334
2018-06-01 00:40:00,268.9500,269.3000,268.6000,268.7000,220875
2018-06-01 00:35:00,268.2500,269.6500,268.1000,268.9500,548550
2018-06-01 00:30:00,267.5000,268.0000,267.3000,267.9000,165561
2018-06-01 00:25:00,267.0000,267.5000,266.5000,267.5000,154004
2018-06-01 00:20:00,267.0000,267.1500,266.7500,267.0000,165142
2018-06-01 00:15:00,267.1000,267.5500,266.9000,267.0000,203278
2018-06-01 00:10:00,267.8000,267.9000,266.8000,267.0000,168828
2018-06-01 00:05:00,268.1000,268.1500,266.8000,267.7500,252258
2018-06-01 00:00:00,267.4000,268.4000,266.8000,267.9500,288651
2018-05-31 23:55:00,267.7000,269.0000,267.3000,267.4000,335771
2018-05-31 23:50:00,268.9000,268.9000,266.6000,267.6500,537181
2018-05-31 23:45:00,268.8000,268.8000,268.8000,268.8000,27319
2018-05-31 06:00:00,270.7000,272.0000,270.0000,270.0000,2325098
2018-05-31 05:55:00,268.7000,274.6500,268.6500,270.6000,3008700
2018-05-31 05:50:00,268.2500,268.9500,268.1500,268.6500,2584757
2018-05-31 05:45:00,268.6000,268.7000,268.1500,268.2500,2469206
2018-05-31 05:40:00,269.0000,269.7000,268.6000,268.6500,2164603
2018-05-31 05:35:00,268.3000,269.3000,268.3000,269.0000,2401777
2018-05-31 05:30:00,269.1500,269.2500,268.3000,268.3000,877137
2018-05-31 05:25:00,268.7000,269.3500,268.5000,269.0500,503433
2018-05-31 05:20:00,268.8000,269.5000,268.7000,268.7500,461825
2018-05-31 05:15:00,268.2000,269.5500,268.1000,268.8000,1202750
2018-05-31 05:10:00,267.2500,268.2500,267.2000,268.1000,597914
2018-05-31 05:05:00,266.8000,267.5000,266.8000,267.3500,510418
2018-05-31 05:00:00,266.4000,266.7500,266.1500,266.7500,211086
2018-05-31 04:55:00,265.9000,266.7000,265.7000,266.4500,246569
2018-05-31 04:50:00,265.7000,266.2000,265.5500,265.9500,157499
2018-05-31 04:45:00,265.8500,266.2000,265.5500,265.6500,179256
2018-05-31 04:40:00,265.6500,265.9500,265.3000,265.8500,270140
2018-05-31 04:35:00,265.8000,265.8500,265.0000,265.6000,286023
2018-05-31 04:30:00,266.3500,266.4500,265.6000,265.8000,199192
2018-05-31 04:25:00,266.3000,266.4500,266.2000,266.4000,108720
2018-05-31 04:20:00,266.4000,266.4000,266.0000,266.3500,101703
2018-05-31 04:15:00,266.2000,266.5000,265.9000,266.4000,151521
2018-05-31 04:10:00,265.8500,266.2500,265.8000,266.2000,129524
2018-05-31 04:05:00,266.3500,266.4000,265.4500,265.8500,163421
2018-05-31 04:00:00,266.4000,266.4500,266.0000,266.3000,138630
2018-05-31 03:55:00,266.3500,266.9500,265.8500,266.4000,394721
2018-05-31 03:50:00,265.7000,266.5000,265.7000,266.3000,240996
2018-05-31 03:45:00,265.8500,266.0000,265.6000,265.7000,230615
2018-05-31 03:40:00,265.0500,265.9500,264.9500,265.9000,357612
2018-05-31 03:35:00,264.9500,265.1000,264.5500,264.6500,398249
2018-05-31 03:30:00,265.4500,265.5500,264.9000,264.9000,210035
2018-05-31 03:25:00,265.4000,265.6500,265.3000,265.4500,111571
2018-05-31 03:20:00,265.0000,265.4500,264.9500,265.4000,150881
2018-05-31 03:15:00,265.2000,265.3500,264.9500,264.9500,204479
2018-05-31 03:10:00,265.6500,265.7000,265.0500,265.2000,148731
2018-05-31 03:05:00,265.6500,265.9000,265.6000,265.7000,52028
2018-05-31 03:00:00,265.7500,266.0000,265.5500,265.6500,75241
2018-05-31 02:55:00,266.0500,266.2000,265.5000,265.7500,162024
2018-05-31 02:50:00,266.2000,266.6000,265.8000,266.1000,176868
2018-05-31 02:45:00,266.0500,266.5500,266.0000,266.2000,340660
2018-05-31 02:40:00,265.3500,266.1500,265.2500,266.0500,518141
2018-05-31 02:35:00,265.4500,265.7500,265.2500,265.3000,106691
2018-05-31 02:30:00,265.0500,265.6000,265.0000,265.4500,95393
2018-05-31 02:25:00,265.0500,265.1500,264.9500,265.0500,99188
2018-05-31 02:20:00,265.0000,265.1500,264.9000,265.0000,200174
2018-05-31 02:15:00,265.2000,265.2500,265.0000,265.0000,62920
2018-05-31 02:10:00,265.4000,265.5500,265.1500,265.2500,90739
2018-05-31 02:05:00,265.5500,265.8000,265.3000,265.4000,252709
2018-05-31 02:00:00,265.4000,265.5500,265.3000,265.5500,127219
2018-05-31 01:55:00,265.0500,265.6000,265.0500,265.4500,82826
2018-05-31 01:50:00,265.2000,265.2500,264.9000,265.0500,217096
2018-05-31 01:45:00,265.2000,265.3000,265.0000,265.1500,125638
2018-05-31 01:40:00,265.5500,265.7000,265.1500,265.2000,59644
2018-05-31 01:35:00,265.8000,265.8000,265.1000,265.5500,97164
2018-05-31 01:30:00,265.4500,265.9000,265.4000,265.8000,151466
2018-05-31 01:25:00,265.4000,265.7500,265.2500,265.4500,200488
2018-05-31 01:20:00,265.0000,265.5500,264.8500,265.4000,138888
2018-05-31 01:15:00,265.6000,265.9000,264.8500,264.9000,208350
2018-05-31 01:10:00,265.2500,265.9000,265.2500,265.6000,284495
2018-05-31 01:05:00,264.7000,265.3000,264.7000,265.2500,186937
2018-05-31 01:00:00,264.5500,265.3500,264.5500,264.7000,280996
2018-05-31 00:55:00,263.8000,264.7000,263.8000,264.6000,190984
2018-05-31 00:50:00,263.5500,264.1000,263.4000,263.9000,135703
2018-05-31 00:45:00,263.5500,263.9000,263.5000,263.5000,105372
2018-05-31 00:40:00,263.8000,264.2500,263.5500,263.6000,122524
2018-05-31 00:35:00,263.3000,263.8500,263.1500,263.8500,205293
2018-05-31 00:30:00,264.1000,264.2000,263.3500,263.4500,187848
2018-05-31 00:25:00,264.0000,264.5000,263.8500,264.2000,190824
2018-05-31 00:20:00,263.7000,264.1000,263.4000,264.0000,312014
2018-05-31 00:15:00,264.6500,264.7000,263.7000,263.7000,321534
2018-05-31 00:10:00,265.2500,265.2500,264.4500,264.6000,219603
2018-05-31 00:05:00,265.4000,265.4500,264.6500,265.2000,301246
2018-05-31 00:00:00,265.5000,265.9000,265.0000,265.3500,320457
2018-05-30 23:55:00,266.1000,266.7500,265.5000,265.5000,288623
2018-05-30 23:50:00,267.3000,267.7500,265.2500,266.1000,708343
2018-05-30 23:45:00,267.3000,267.3000,267.3000,267.3000,5891
2018-05-30 06:00:00,267.3500,267.4500,266.8500,266.9500,275079
2018-05-30 05:55:00,267.2500,267.7500,267.0500,267.4000,511018
2018-05-30 05:50:00,267.3500,268.0000,267.2000,267.2000,727648
2018-05-30 05:45:00,266.4000,267.7000,266.3000,267.3000,659653
2018-05-30 05:40:00,265.8000,266.4500,265.7500,266.3500,233732
2018-05-30 05:35:00,266.1000,266.4000,265.9000,265.9000,275797
2018-05-30 05:30:00,265.7000,266.1500,265.6000,266.0000,124278
2018-05-30 05:25:00,265.9000,266.0000,265.3500,265.6000,143216
2018-05-30 05:20:00,265.6500,266.2000,265.4000,265.9000,186119
2018-05-30 05:15:00,266.5500,266.6000,265.5500,265.6500,156440
2018-05-30 05:10:00,266.2000,266.9000,266.1000,266.5500,187488
2018-05-30 05:05:00,265.9000,266.5000,265.7000,266.2500,193046
2018-05-30 05:00:00,266.3000,266.3000,265.7000,265.8500,118696
2018-05-30 04:55:00,265.2500,266.4000,265.0500,266.2500,262502
2018-05-30 04:50:00,265.1000,265.5000,264.8000,265.3000,297077
2018-05-30 04:45:00,265.6000,265.8000,265.0000,265.1000,238573
2018-05-30 04:40:00,265.6000,265.8500,265.1000,265.5500,263819
2018-05-30 04:35:00,266.3500,266.3500,265.3500,265.5000,270380
2018-05-30 04:30:00,266.2500,266.4500,265.8500,266.4000,287628
2018-05-30 04:25:00,266.9000,267.1500,266.1500,266.2500,567487
2018-05-30 04:20:00,266.3000,267.2500,266.2500,266.9000,537388
2018-05-30 04:15:00,266.1500,266.4500,265.9500,266.3000,154995
2018-05-30 04:10:00,266.1000,266.5000,266.0000,266.1500,257474
2018-05-30 04:05:00,265.8500,266.3500,265.7500,266.0000,270188
2018-05-30 04:00:00,265.6500,266.1500,265.2500,265.8000,261466
2018-05-30 03:55:00,265.8000,265.8500,264.8500,265.6500,414793
2018-05-30 03:50:00,266.4000,266.5000,265.6500,265.8000,458571
2018-05-30 03:45:00,266.1500,266.8000,266.0000,266.3000,524129
2018-05-30 03:40:00,265.0500,266.1500,265.0500,266.1500,571144
2018-05-30 03:35:00,263.9500,265.3000,263.9000,265.1000,424092
2018-05-30 03:30:00,264.1000,264.5000,263.8500,264.0000,409107
2018-05-30 03:25:00,263.1000,264.1500,263.1000,264.1500,504040
2018-05-30 03:20:00,263.0000,263.2500,262.9000,263.1000,157983
2018-05-30 03:15:00,262.5000,263.4500,262.5000,262.9000,337181
2018-05-30 03:10:00,262.4500,262.7000,262.1500,262.5000,54113
2018-05-30 03:05:00,262.3500,262.6000,262.1000,262.4500,117003
2018-05-30 03:00:00,262.4000,262.7000,262.2500,262.3500,119770
2018-05-30 02:55:00,262.4500,262.5000,262.2000,262.3000,565210
2018-05-30 02:50:00,262.7500,263.0000,262.3000,262.4000,137303
2018-05-30 02:45:00,262.5000,262.9000,262.4500,262.7000,110551
2018-05-30 02:40:00,262.2000,262.5000,262.2000,262.4500,71814
2018-05-30 02:35:00,262.6000,262.6000,261.9000,262.1500,224889
2018-05-30 02:30:00,262.9000,262.9000,262.4000,262.5000,119678
2018-05-30 02:25:00,262.6500,263.2500,262.6500,262.8500,233644
2018-05-30 02:20:00,262.4500,262.7000,262.2500,262.6500,203371
2018-05-30 02:15:00,262.4500,262.6000,262.2000,262.3500,153625
2018-05-30 02:10:00,262.0000,262.5000,261.9000,262.4000,168364
2018-05-30 02:05:00,261.9500,262.2000,261.8500,262.0000,150711
2018-05-30 02:00:00,261.9500,262.2000,261.9000,262.0000,143305
2018-05-30 01:55:00,261.9500,262.1500,261.8000,261.9500,187188
2018-05-30 01:50:00,262.0000,262.1000,261.8000,261.9500,47162
2018-05-30 01:45:00,261.6000,261.9500,261.5000,261.9500,94174
2018-05-30 01:40:00,262.0500,262.3000,261.5000,261.5000,178910
2018-05-30 01:35:00,262.2500,262.4000,261.8500,262.0000,78319
2018-05-30 01:30:00,262.2000,262.4000,262.0500,262.2000,41320
2018-05-30 01:25:00,262.3000,262.7000,262.1000,262.1500,59219
2018-05-30 01:20:00,261.8500,262.4000,261.8500,262.2500,80343
2018-05-30 01:15:00,261.8500,262.1500,261.7000,262.0000,113195
2018-05-30 01:10:00,262.3500,262.4500,261.7000,261.8500,161834
2018-05-30 01:05:00,262.6000,262.6000,262.1000,262.4500,65873
2018-05-30 01:00:00,262.4500,262.7000,262.0500,262.6000,107455
2018-05-30 00:55:00,262.7500,262.8500,262.2500,262.5000,168466
2018-05-30 00:50:00,262.7500,262.9000,262.3500,262.7500,131653
2018-05-30 00:45:00,262.6000,263.0000,262.3500,262.8000,148065
2018-05-30 00:40:00,262.9500,263.0000,262.3500,262.6500,195135
2018-05-30 00:35:00,263.5000,263.5000,262.8000,262.9500,252603
2018-05-30 00:30:00,263.0500,263.6000,262.7000,263.5500,325380
2018-05-30 00:25:00,262.8000,263.3000,262.2500,263.0000,294486
2018-05-30 00:20:00,262.3000,262.9500,262.1000,262.7500,375879
2018-05-30 00:15:00,261.5000,262.3000,261.0000,262.2500,220994
2018-05-30 00:10:00,261.2500,262.4500,261.2000,261.4500,377498
2018-05-30 00:05:00,260.7500,261.4000,260.4500,261.2500,192725
2018-05-30 00:00:00,260.7000,261.5000,260.2000,260.6000,324352
2018-05-29 23:55:00,261.4500,262.2500,260.7000,260.7500,386172
2018-05-29 23:50:00,261.1000,261.6000,259.9500,261.5000,835499
2018-05-29 06:00:00,264.1500,264.3500,263.4000,263.6500,483940
2018-05-29 05:55:00,264.4000,264.5000,263.7000,264.2000,517655
2018-05-29 05:50:00,264.7000,264.7000,264.1500,264.4000,529610
2018-05-29 05:45:00,264.5500,264.7000,263.9000,264.6500,529078
2018-05-29 05:40:00,264.9500,265.1500,264.5000,264.5000,298965
2018-05-29 05:35:00,264.7500,265.1500,264.5500,265.0000,270748
2018-05-29 05:30:00,264.7000,265.2500,264.5000,264.7500,415904
2018-05-29 05:25:00,264.0500,264.7000,264.0500,264.6000,302140
2018-05-29 05:20:00,264.2000,264.5000,264.0500,264.1500,191240
2018-05-29 05:15:00,263.7000,264.2000,263.5000,264.2000,173033
2018-05-29 05:10:00,263.7500,264.3000,263.7000,263.7500,159202
2018-05-29 05:05:00,264.1500,264.2000,263.3000,263.7500,135445
2018-05-29 05:00:00,264.0000,264.4000,263.9000,264.2500,131299
2018-05-29 04:55:00,263.6000,264.2000,263.5500,264.0000,204515
2018-05-29 04:50:00,263.5000,263.7000,262.9000,263.6000,261844
2018-05-29 04:45:00,263.3000,263.6500,262.9000,263.5000,275290
2018-05-29 04:40:00,263.5500,263.7000,263.2000,263.3500,233208
2018-05-29 04:35:00,263.7000,263.7500,263.3000,263.6500,329902
2018-05-29 04:30:00,264.4000,264.4000,263.4500,263.8000,530235
2018-05-29 04:25:00,264.6500,264.7000,264.3000,264.4000,119435
2018-05-29 04:20:00,265.2000,265.3000,264.4000,264.6000,250248
2018-05-29 04:15:00,265.3500,265.5000,265.0500,265.2000,190396
2018-05-29 04:10:00,264.8500,265.4000,264.8000,265.3500,226107
2018-05-29 04:05:00,264.7500,265.0500,264.6000,264.8500,122538
2018-05-29 04:00:00,264.7500,265.2000,264.6000,264.7500,187139
2018-05-29 03:55:00,264.4000,264.9000,264.4000,264.7500,194691
2018-05-29 03:50:00,264.6000,264.7000,264.3500,264.4000,156066
2018-05-29 03:45:00,265.2500,265.2500,264.0500,264.7500,670294
2018-05-29 03:40:00,265.5000,265.6500,265.2500,265.3000,172633
2018-05-29 03:35:00,266.4500,266.5500,265.4000,265.5000,308971
2018-05-29 03:30:00,266.8000,266.8000,266.3000,266.4500,82582
2018-05-29 03:25:00,266.4500,266.8500,266.4500,266.8000,88906
2018-05-29 03:20:00,266.6500,266.7500,266.4000,266.4500,57689
2018-05-29 03:15:00,266.5000,266.7500,266.3500,266.7000,88341
2018-05-29 03:10:00,266.6500,266.7000,266.4000,266.5000,109046
2018-05-29 03:05:00,266.4500,266.8000,266.4000,266.7500,78366
2018-05-29 03:00:00,266.4000,266.9500,266.3000,266.5000,152233
2018-05-29 02:55:00,266.3000,266.5000,266.2500,266.4000,91491
2018-05-29 02:50:00,266.2500,266.5000,265.8000,266.3000,224400
2018-05-29 02:45:00,266.7000,266.8000,266.1000,266.2500,152584
2018-05-29 02:40:00,266.6000,267.0500,266.5000,266.6500,118537
2018-05-29 02:35:00,266.9500,266.9500,266.4000,266.6000,232196
2018-05-29 02:30:00,267.2000,267.2000,266.8000,266.9500,112878
2018-05-29 02:25:00,267.2500,267.5000,267.1000,267.2000,98189
2018-05-29 02:20:00,267.6500,267.6500,266.8500,267.3000,370700
2018-05-29 02:15:00,267.7500,267.8000,267.5000,267.6000,86003
2018-05-29 02:10:00,268.0000,268.0000,267.6000,267.6500,105665
2018-05-29 02:05:00,267.9000,268.1500,267.9000,268.0000,121612
2018-05-29 02:00:00,268.0000,268.1500,267.9000,268.0000,88042
2018-05-29 01:55:00,268.0000,268.1500,267.8500,268.0500,95399
2018-05-29 01:50:00,267.6000,268.0500,267.6000,268.0000,171085
2018-05-29 01:45:00,267.4000,267.7500,267.4000,267.6500,96304
2018-05-29 01:40:00,267.8000,267.8000,267.2500,267.4000,230972
2018-05-29 01:35:00,267.9000,268.2000,267.7500,267.8000,87251
2018-05-29 01:30:00,267.6500,268.3000,267.5500,267.9000,128996
2018-05-29 01:25:00,267.6000,268.1500,267.6000,267.6500,185097
2018-05-29 01:20:00,268.6500,268.7000,267.5000,267.6000,375641
2018-05-29 01:15:00,268.4500,268.7500,268.4000,268.7000,146058
2018-05-29 01:10:00,268.8000,268.8000,268.3500,268.5000,134454
2018-05-29 01:05:00,268.5500,268.8000,268.3500,268.8000,130460
2018-05-29 01:00:00,268.9500,269.0000,268.3000,268.5000,138886
2018-05-29 00:55:00,268.4500,268.9500,268.4000,268.9500,129456
2018-05-29 00:50:00,268.6500,268.7000,268.1000,268.4500,219168
2018-05-29 00:45:00,268.8000,269.1500,268.5000,268.6500,140915
2018-05-29 00:40:00,269.2000,269.5000,268.5500,268.8500,149828
2018-05-29 00:35:00,269.4000,269.6000,269.1500,269.2000,108982
2018-05-29 00:30:00,269.8500,269.9500,268.9000,269.5000,243017
2018-05-29 00:25:00,269.7000,270.1500,269.4500,269.8500,154823
2018-05-29 00:20:00,269.3000,270.2000,269.2500,269.7000,293177
2018-05-29 00:15:00,269.1000,269.5000,268.9000,269.2500,234433
2018-05-29 00:10:00,268.1500,269.2500,268.1000,269.2500,207718
2018-05-29 00:05:00,269.1500,269.2000,267.8500,268.2000,369882
2018-05-29 00:00:00,269.0000,269.5000,268.7500,269.1500,145828
2018-05-28 23:55:00,269.5000,269.5000,268.5000,269.0500,300873
2018-05-28 23:50:00,270.4000,270.9500,269.0000,269.5000,434987
2018-05-28 06:00:00,271.8500,272.2500,271.7000,271.9500,240792
2018-05-28 05:55:00,272.0000,272.4500,271.7000,271.7000,457612
2018-05-28 05:50:00,272.1000,272.2500,271.7500,272.1000,441041
2018-05-28 05:45:00,272.0000,272.2500,271.6500,272.2000,392335
2018-05-28 05:40:00,272.0000,272.2000,271.8000,272.0000,244484
2018-05-28 05:35:00,271.9500,272.5500,271.9500,272.0000,268935
2018-05-28 05:30:00,271.8500,271.9500,271.5000,271.8500,237783
2018-05-28 05:25:00,272.5500,272.6500,271.8500,271.9500,208773
2018-05-28 05:20:00,272.5000,272.8000,272.3500,272.5000,146760
2018-05-28 05:15:00,273.0000,273.0500,272.3000,272.5000,191705
2018-05-28 05:10:00,272.8500,273.1000,272.5500,273.0500,202239
2018-05-28 05:05:00,272.6000,273.0000,272.5000,272.8000,186498
2018-05-28 05:00:00,273.4500,273.5000,272.3500,272.6000,404343
2018-05-28 04:55:00,273.1000,274.1000,273.1000,273.4500,1131151
2018-05-28 04:50:00,272.2000,273.2000,272.0000,273.1500,694805
2018-05-28 04:45:00,271.5500,272.5000,271.2500,272.2500,841353
2018-05-28 04:40:00,271.1500,271.7000,271.0500,271.6000,324438
2018-05-28 04:35:00,270.3500,271.4500,270.2500,271.1000,223821
2018-05-28 04:30:00,270.6000,270.7500,270.2000,270.3000,143558
2018-05-28 04:25:00,270.8500,270.9000,270.4500,270.5500,101690
2018-05-28 04:20:00,270.9000,270.9000,270.5000,270.8500,115875
2018-05-28 04:15:00,270.8500,270.9500,270.6000,270.8000,92560
2018-05-28 04:10:00,271.0000,271.2500,270.5500,270.8500,135638
2018-05-28 04:05:00,270.7500,271.0000,270.4500,271.0000,102079
2018-05-28 04:00:00,270.9000,270.9000,270.3500,270.7500,162256
2018-05-28 03:55:00,271.2000,271.2000,270.7500,270.8500,110865
2018-05-28 03:50:00,271.1500,271.2000,270.9000,271.2000,104365
2018-05-28 03:45:00,271.2000,271.2500,271.0000,271.1500,114619
2018-05-28 03:40:00,271.0500,271.2500,270.9000,271.2000,141528
2018-05-28 03:35:00,271.0500,271.1500,270.9000,271.0000,194467
2018-05-28 03:30:00,271.1000,271.3000,270.9000,271.1000,153084
2018-05-28 03:25:00,271.0500,271.4000,270.9000,271.0000,190730
2018-05-28 03:20:00,271.0000,271.3000,270.8500,271.0500,218238
2018-05-28 03:15:00,271.3000,271.4000,270.9500,271.0000,231275
2018-05-28 03:10:00,271.1500,271.9000,270.9500,271.4000,304367
2018-05-28 03:05:00,271.3500,271.8000,271.1000,271.2500,259384
2018-05-28 03:00:00,271.6000,271.8000,270.8500,271.3500,473289
2018-05-28 02:55:00,270.6500,271.7000,270.4000,271.7000,654329
2018-05-28 02:50:00,269.9000,270.8500,269.8500,270.6500,285616
2018-05-28 02:45:00,269.8500,270.0500,269.6000,269.9500,154096
2018-05-28 02:40:00,269.3500,269.9000,269.2000,269.8000,68974
2018-05-28 02:35:00,269.8000,269.9000,269.3000,269.3000,60714
2018-05-28 02:30:00,269.5000,269.9000,269.4500,269.8000,65888
2018-05-28 02:25:00,269.4000,269.8000,269.3000,269.5500,62254
2018-05-28 02:20:00,269.3500,269.5000,269.2000,269.3500,72494
2018-05-28 02:15:00,269.7500,269.8000,269.2000,269.2500,110331
2018-05-28 02:10:00,269.6500,270.3000,269.5500,269.7500,296590
2018-05-28 02:05:00,269.4000,269.9000,269.2500,269.7000,93187
2018-05-28 02:00:00,269.3000,269.4500,269.0500,269.3500,33060
2018-05-28 01:55:00,269.0000,269.5500,268.8000,269.3000,138521
2018-05-28 01:50:00,269.2500,269.4000,269.0000,269.0000,51367
2018-05-28 01:45:00,269.2000,269.8500,269.0000,269.2500,200664
2018-05-28 01:40:00,268.7000,269.2500,268.7000,269.1000,123036
2018-05-28 01:35:00,269.0500,269.1500,268.5500,268.7000,66363
2018-05-28 01:30:00,268.9500,269.1500,268.8000,269.1000,80965
2018-05-28 01:25:00,269.1500,269.2000,268.7000,268.8000,100007
2018-05-28 01:20:00,268.5500,269.3000,268.3500,269.1500,133579
2018-05-28 01:15:00,268.7000,268.8000,268.2500,268.6000,200273
2018-05-28 01:10:00,269.5000,269.6500,268.6500,268.7000,315337
2018-05-28 01:05:00,269.3500,269.7000,269.3000,269.5000,79399
2018-05-28 01:00:00,269.5000,269.7000,269.3000,269.3500,115265
2018-05-28 00:55:00,269.3000,269.6000,269.2500,269.5000,112577
2018-05-28 00:50:00,269.5000,269.5500,269.2000,269.4500,145410
2018-05-28 00:45:00,269.6000,269.6500,269.2000,269.4000,153471
2018-05-28 00:40:00,270.1500,270.3500,269.5500,269.5500,243934
2018-05-28 00:35:00,269.3500,270.2000,269.2500,270.2000,258848
2018-05-28 00:30:00,269.2500,269.6000,269.1500,269.3500,163430
2018-05-28 00:25:00,269.4000,269.4500,269.1000,269.2000,165662
2018-05-28 00:20:00,269.3500,269.6500,269.0500,269.5000,229509
2018-05-28 00:15:00,269.8000,270.0000,269.2000,269.3500,264841
2018-05-28 00:10:00,269.9000,270.6500,269.7000,269.9000,400607
2018-05-28 00:05:00,270.4500,270.7500,269.5500,269.8500,537481
2018-05-28 00:00:00,268.0000,271.1500,268.0000,270.6000,1485623
2018-05-27 23:55:00,266.4500,268.1500,266.4500,268.0000,561603
2018-05-27 23:50:00,267.1000,267.9500,266.0500,266.5000,442100
2018-05-27 23:45:00,267.1000,267.1000,267.1000,267.1000,6222
